{"cameraMode":{"drawMode":0,"name":"Shaded","section":"Shading Mode"},"sceneLighting":true,"audioPlay":false,"sceneViewState":{"m_AlwaysRefresh":false,"showFog":true,"showSkybox":true,"showFlares":true,"showImageEffects":true,"showParticleSystems":true,"showVisualEffectGraphs":true,"m_FxEnabled":true},"in2DMode":false,"pivot":{"x":-3.2502431869506838,"y":-0.6677274703979492,"z":-19.580753326416017},"rotation":{"x":0.02350020222365856,"y":-0.9728549122810364,"z":0.11465735733509064,"w":0.19944915175437928},"size":6.29781436920166,"orthographic":false}